income,food_expense,rent,shopping,travel,savings,credit_usage,risk_label
35795,18679,28197,25045,14796,8347,85,0
20860,4761,38400,19108,6909,5592,93,0
96820,13167,8083,27910,13608,18108,29,1
74886,13554,34328,25566,5257,19727,82,0
26265,17277,25103,20151,3494,17270,48,0
102386,6812,15754,2137,9251,27649,13,0
57194,4605,39447,28103,11656,10997,28,1
107498,8622,20901,21501,1771,721,54,1
64131,9767,38004,4420,2313,24062,52,0
80263,14613,12446,6845,11607,9104,22,1
36023,13589,34301,22162,9301,19741,22,0
61090,16918,31116,4906,2961,870,69,1
87221,16046,23752,21021,4620,28684,66,0
84820,5590,37376,20337,6624,6751,61,1
20769,7324,21669,23313,8975,16881,62,0
79735,13787,37916,27943,14260,1756,52,1
82955,12111,18395,13413,11620,1117,92,2
84925,8342,25421,1276,4896,11601,81,1
87969,19389,31342,19383,9783,2828,81,2
25311,11659,9895,18611,13818,29866,51,0
103104,17043,16023,7337,1316,14996,35,1
73707,11837,15699,12944,7804,18031,32,0
105305,3117,14715,21119,7831,13878,52,1
48693,16917,24169,16906,582,6992,86,1
91932,17309,21163,18079,2420,27559,37,0
113016,16234,10782,26885,8317,13778,18,1
45658,8560,27641,21536,12183,6771,29,1
104478,3846,23792,25285,11836,16526,65,1
38431,13954,35682,24854,2593,29896,92,0
22747,16703,23880,28810,13405,19145,48,0
79150,18385,23073,13306,7571,3435,60,1
85725,16746,29837,24921,8467,6622,21,1
104654,9469,22826,11503,8867,12852,88,1
55773,12333,29981,20225,5785,14806,64,0
87435,19608,15382,5208,11396,10623,87,1
76886,15819,9437,29135,5437,23453,20,0
86803,7208,10435,12590,869,20896,35,0
51551,9283,29819,26117,2318,1848,51,1
31394,5048,36982,11886,2601,2696,36,1
89092,9233,38328,13866,13477,1717,20,1
23890,15941,17329,2088,3990,19456,47,0
61606,15607,30169,4363,2279,9259,52,1
116276,12765,26932,1024,8174,2786,28,1
100038,4828,39594,10764,1864,14154,73,1
107313,4917,16421,23528,7794,13409,15,1
30627,9988,12629,28534,14220,3791,55,1
28792,17594,13325,23052,13154,25864,51,0
93969,15977,33495,21620,12034,3871,74,2
63001,3009,36750,10959,13431,1806,81,2
96552,19644,34619,13935,4176,17888,68,1
43897,12865,13264,9068,2926,19692,61,0
88148,5219,17686,19619,8764,23501,56,0
43483,10041,29226,8295,8589,13304,16,0
68555,8287,11721,9392,3462,21432,20,0
37159,4619,25609,12390,14059,27527,70,0
100077,11512,12373,9448,1359,24647,77,0
55920,4342,33937,21131,12548,18074,34,0
112067,13568,10656,11433,4638,15549,21,1
87121,17231,13984,16038,2924,29963,35,0
89479,6490,34984,20559,9756,25920,21,0
109475,12310,13286,29182,10909,3303,52,1
39457,10984,10901,12528,4517,19497,60,0
86557,15219,36552,22281,10951,16061,46,1
97189,3235,30709,22421,14304,25458,55,0
98953,13161,36055,16743,12443,28810,62,0
72995,4908,13429,24811,10778,27238,89,0
60757,11567,19716,9605,9060,24234,22,0
29692,6530,16138,3014,11496,15198,63,0
65758,8256,28429,2381,8842,22800,66,0
92409,11162,10772,2098,1634,17888,13,1
91211,8415,22347,20810,14291,10655,84,1
85697,6391,21920,21039,14247,27129,58,0
57065,14157,36822,25322,5666,8924,16,1
112093,8951,28563,10101,5619,9940,20,1
119299,11007,12967,1187,6194,3924,63,1
52606,12064,16871,29620,11476,24999,54,0
31534,18524,33763,12948,6636,28054,32,0
114663,3077,16916,11207,5985,9783,37,1
60397,10577,13734,22793,4664,4485,66,1
111387,19984,38613,3092,2846,12629,35,1
21016,17060,33179,29220,5539,13233,34,0
109789,13535,17677,19514,5397,12901,63,1
75591,12510,23268,6242,10942,24484,38,0
109812,9943,17330,9549,8752,25068,92,0
43247,14954,25733,23031,5541,191,45,1
44300,10804,32286,6185,11702,25074,23,0
94065,9565,11610,16271,4401,4917,87,2
102798,8984,11430,6776,1837,5831,44,1
29268,7670,18828,27998,1684,25832,39,0
106807,12184,36497,13449,4926,10160,26,1
32185,5192,31526,25297,2051,20706,76,0
83704,4248,35158,24931,13125,13682,89,1
106779,14246,30032,8823,2129,26762,39,0
59099,15790,34794,16717,10019,23383,54,0
28571,6687,10448,8355,2026,25392,88,0
58044,7018,33861,7465,10365,27796,60,0
71214,14302,33141,13737,1861,23666,56,0
81228,4970,14074,18881,10265,26049,62,0
68984,11389,11406,14324,11378,25662,73,0
60774,18374,36823,11350,4870,12391,47,0
22568,8788,28291,3555,5783,1874,73,2
82592,8408,37003,22793,8110,9062,16,1
87563,12446,39406,27918,11058,4763,31,1
22695,3922,28312,3951,12449,10234,90,0
68190,3419,6382,18622,11126,24848,91,0
25258,13789,39171,26549,2493,9221,50,0
107538,4120,8292,5727,1369,11410,83,1
59504,14260,38187,21349,1514,14519,19,0
53159,5336,17411,6686,10603,28645,66,0
33986,8373,20422,26626,1102,1051,16,1
81858,5243,37371,4701,12513,12225,59,1
32666,7612,10693,3780,14587,9765,61,0
58660,16946,38535,24782,1190,11382,42,1
23561,14104,19818,18972,9185,12580,10,0
46854,16429,36238,29454,989,23922,62,0
84505,9371,35874,3368,7364,23795,69,0
72251,9359,31715,16592,7740,11989,43,1
42662,10863,32605,23173,11248,27865,13,0
28392,6228,39317,1436,13177,22704,26,0
50535,17382,36174,3828,8286,11939,13,0
98603,5891,14956,2556,8524,18489,52,1
72256,6756,15837,24954,794,29964,13,0
109135,18770,8716,14364,5988,307,10,1
55222,19478,9481,29434,4527,24121,80,0
97373,5674,29282,24864,11535,3359,59,1
99575,9898,11548,26880,3412,29648,82,0
116354,13147,12758,16061,10409,3176,70,1
104651,3793,28177,11576,11288,1251,44,1
83335,5116,29022,17566,5244,5366,17,1
30965,8779,10542,8190,2373,27323,33,0
44538,15298,30476,24071,13355,17901,92,0
90592,17153,35784,6565,3758,6226,45,1
118018,14111,27740,24625,3317,21689,59,1
28110,13789,29817,16369,9136,25954,52,0
99309,14397,21052,25035,4141,22253,36,0
47266,15999,5671,22959,4958,24423,41,0
72992,3814,5163,2589,14958,14330,87,1
102948,19729,9795,27163,5807,4891,27,1
118806,13541,15634,26235,9433,4992,37,1
26910,5443,9798,1159,2541,1961,38,1
110982,13457,27420,13145,1179,12497,25,1
20206,13380,34300,16373,11159,19247,56,0
107054,10783,29345,7555,12389,10848,68,1
107897,14473,15749,17237,6238,27070,40,0
43419,18328,30121,10203,6168,22987,13,0
70636,3827,33411,9244,10050,13255,46,1
70015,10147,38361,15743,14927,4567,26,1
74268,7451,26223,14333,8197,16079,48,0
107939,18343,12394,14341,8533,6513,57,1
38141,16635,19056,24230,562,15235,55,0
100356,8959,33380,19691,8329,20389,57,0
91910,3126,31035,2228,11251,11755,48,1
76044,11795,35620,24610,13950,25498,13,0
87214,14641,24877,6590,12461,28808,39,0
53827,10196,35911,24303,7852,29038,39,0
75820,14559,37784,6585,14016,11151,31,1
82623,6368,8191,10227,7415,16567,84,0
101734,6797,38160,29278,13043,24139,75,0
95450,18114,30000,7046,8826,3358,21,1
113426,16718,8631,13237,4144,22999,45,0
42299,4792,11172,16649,5470,9590,27,0
63585,14053,28561,5945,13609,23181,62,0
84044,6476,29817,8927,10827,10988,80,1
62557,6417,25281,13641,8503,25112,10,0
69080,4645,33671,16998,3778,7678,67,1
22693,17755,30364,14386,7796,5698,15,0
115003,6072,32425,8016,9514,1273,79,2
115259,4854,33602,15027,3574,27543,53,0
89163,7662,28253,16920,13761,23037,81,0
45939,9514,28472,25142,11673,11241,33,0
68925,5708,13080,14752,14565,17480,28,0
62941,14694,12099,22470,8812,9497,27,1
41834,12524,30431,26840,8052,9107,39,0
38047,9456,36186,24545,2137,11273,51,0
46105,7212,35111,19268,14152,8002,42,1
95766,16224,27614,19193,5603,4247,83,2
35707,10970,31724,4167,9616,9220,21,0
41976,19920,9940,12989,1144,21698,36,0
64262,4625,33758,27917,2532,26553,48,0
43776,13314,12788,23736,3261,19738,18,0
50080,10973,33082,28990,2568,10703,30,0
86842,11577,29034,26393,741,15472,85,1
81373,11070,16280,15087,3168,16654,38,0
26776,11666,23052,23440,14407,17570,42,0
112787,6600,21531,3437,1302,29131,71,0
75016,9783,27804,23852,5559,12392,24,1
29474,16226,33903,16275,12856,11956,11,0
78053,12146,15142,26464,13940,15641,61,0
41959,7971,14866,23335,695,13998,53,0
25530,16490,9531,6276,2687,6305,63,0
114856,15951,33138,9859,12207,18782,27,1
23748,15312,32065,8818,2830,12721,12,0
117504,4990,34956,5728,11051,6995,16,1
118098,8299,15759,20008,5341,12427,52,1
33545,15997,10439,6738,4106,13782,91,0
86199,16472,33270,21616,14476,23683,47,0
54766,7380,18279,6793,8968,20566,46,0
93530,7757,28888,5523,560,26287,67,0
113557,13395,22630,6571,12082,2230,42,1
81087,19241,36182,17209,10605,6511,68,1
115839,8588,30538,16246,14887,16512,20,1
88840,7944,16824,26394,4427,9461,77,1
74384,16395,37125,11380,6796,20056,91,0
71005,7243,11979,26682,14560,26177,77,0
66576,12916,31189,3224,14122,4765,31,1
59353,12984,17504,9389,14625,20354,75,0
82003,4759,25669,28247,3091,23929,53,0
103211,12181,11910,16927,9258,28820,15,0
72733,5482,39964,23475,12627,13272,51,1
85318,3951,25131,12684,10263,29523,34,0
109474,5079,30227,11640,13409,5552,66,1
43664,5717,10978,9662,6621,627,94,2
87172,12692,26991,7361,1700,11989,64,1
105616,10311,22153,2948,13101,13780,25,1
113264,3768,38548,13091,3354,6589,23,1
46736,8490,8983,27586,11587,2044,48,1
114209,18534,14503,12992,14932,28128,37,0
20854,9645,34921,24478,7524,13171,60,0
110084,8232,21905,7318,9928,18725,58,1
58623,14485,28953,29694,7472,5884,18,1
27392,8797,31806,21180,636,27790,67,0
75680,15342,27168,13180,1529,8185,54,1
66717,11038,9583,1234,10848,249,31,1
107092,19002,16889,16372,3094,19309,41,1
70859,16087,32413,26504,7706,21427,78,0
46309,7873,17275,20991,1161,17358,78,0
107455,4481,7461,25427,2972,25901,51,0
83734,13093,19291,1522,11369,23576,62,0
90467,17422,16435,23288,11000,9175,68,1
72662,19438,32935,29099,586,25464,83,0
118506,10643,38453,13718,11204,27513,48,0
32688,18708,23544,22272,6719,16260,24,0
45342,14271,17258,10821,8643,26693,80,0
57157,15600,35841,6832,7468,2672,38,1
87863,13998,15736,13820,11634,29546,12,0
72083,17295,39964,17211,3273,7279,92,1
85733,13682,33044,8122,11196,23915,19,0
109045,19380,20997,6842,14096,25902,38,0
54698,11519,19215,2316,12002,8662,88,1
100623,6300,38069,28433,2200,1987,44,1
42671,9722,28911,14200,12362,16474,15,0
45184,10218,22030,18508,3200,25105,21,0
113384,6054,34334,23005,7315,12948,47,1
62107,16575,19571,22807,12321,20443,86,0
106202,10970,33927,16206,13282,13026,28,1
71663,5143,25714,19971,2147,2773,76,2
35708,12503,28387,26599,6538,13159,17,0
111906,18149,33444,23056,5664,9878,17,1
69811,15175,24921,2378,6020,24767,93,0
22811,11356,18057,20758,12010,10178,56,0
76250,18070,29858,2519,4187,28199,13,0
92082,3822,31062,23161,1096,23793,60,0
54754,17289,25567,8935,5045,10377,94,1
115742,9150,34739,7093,9176,20824,76,1
31411,7425,8754,25802,9337,7347,54,0
22911,19032,32044,6355,11781,1008,17,1
87270,5198,6724,22352,14417,3783,25,1
103763,6452,6376,10083,5257,23030,86,0
28680,12106,13706,6574,13545,4298,76,1
104896,16859,13894,21456,4884,4668,18,1
103879,11705,23037,14324,9412,20671,69,1
91295,13112,23450,3257,5233,2052,87,2
108614,7841,21406,28364,7581,22393,86,0
31111,18358,34725,25972,9190,27884,80,0
57504,4409,10926,14411,7617,1716,24,1
21802,7566,14496,27654,5229,310,80,2
28155,14382,34806,16233,2173,14391,50,0
93656,17596,27663,16887,14818,20922,31,0
59384,3804,27656,21808,11759,1260,33,1
67254,16221,30860,20621,8806,13157,53,1
41918,4279,21832,21277,11671,20316,10,0
105981,16192,26727,3005,13461,11460,19,1
80713,10083,34545,19400,10428,16968,89,0
50306,14093,7520,28747,14045,27375,81,0
36646,15880,8081,11860,12303,24000,65,0
66843,18517,39196,11070,7678,24935,59,0
116601,5106,19566,10388,10945,14011,21,1
110735,19086,19042,19156,2794,2866,90,2
36371,7831,30498,25737,4130,14365,69,0
97371,6186,16329,21360,646,5898,35,1
22049,5573,36656,19135,14953,18395,87,0
51616,15808,7159,26351,12674,6251,50,1
40932,5599,24363,24814,3953,4939,45,1
49855,7033,24033,15609,5007,4006,32,1
81434,11428,15805,24554,6283,1625,52,1
92694,4304,31832,23853,8251,10956,15,1
63016,11633,18944,17363,11102,17274,78,0
27400,14372,24873,26515,6128,6078,52,0
62642,11996,28928,20604,8828,29631,34,0
35151,19458,20379,17923,3860,23420,27,0
71407,8475,39546,15823,3505,8923,71,1
86690,10184,29286,18845,4052,3961,22,1
24499,15875,10110,22568,518,29277,52,0
26295,4622,17087,9547,2742,18888,87,0
79040,18988,28762,29180,14747,8806,37,1
32183,11041,22081,12515,6818,20190,27,0
49299,19725,39947,1234,5597,22484,68,0
32874,10992,14596,15562,9140,18103,69,0
52711,18646,23313,18932,2448,29345,72,0
25539,7263,6013,8480,9637,13558,66,0
73351,17060,28705,27672,14165,6686,60,1
81267,18156,6828,5213,6118,1587,65,1
68354,11646,12909,11293,4736,23384,36,0
22557,14664,18109,2673,7401,9803,41,0
58360,5969,7023,24092,2420,17280,18,0
102018,6028,19537,25366,11669,21942,93,0
22200,6629,31661,3100,4688,24853,77,0
88497,6067,38848,12849,12707,21031,55,0
66975,8941,20379,29172,738,26212,76,0
41357,14555,32766,21132,704,10350,35,0
97505,16081,7563,20557,11299,18816,17,1
22869,9819,34197,19199,6052,20288,15,0
81135,14046,8586,4841,13032,29432,89,0
70108,5711,21087,11197,5427,11454,33,1
114179,7853,28225,9016,12080,15849,57,1
110272,10715,34750,8011,11664,6837,54,1
58467,11942,11643,5493,4890,1449,22,1
43328,18507,32523,18058,3187,20884,78,0
111412,18826,16005,25472,5451,5454,34,1
106831,4762,5161,9578,6660,9424,29,1
23987,18850,21029,3158,12858,4117,91,1
78871,15112,19226,20045,5888,8869,91,1
42399,15652,33731,3064,10040,10850,75,0
66214,9122,8390,29427,13092,18412,83,0
119522,3481,10997,4253,5626,29903,54,0
106416,17536,17693,22363,14125,14343,56,1
90271,3153,5541,25087,1316,6845,72,2
64064,10617,26817,13828,13914,20142,85,0
90091,4524,18428,29842,9512,22288,86,0
60818,5120,15258,26315,692,4624,64,1
65525,18048,21044,2401,2276,26613,84,0
39830,5343,34411,20643,4145,27225,28,0
37429,8136,10469,16193,13316,8848,44,0
26893,4240,33854,27853,6814,16549,62,0
99909,3060,11256,13096,8942,13136,35,1
67333,12130,15720,21307,2288,20975,23,0
23436,15312,38937,5214,7874,589,54,1
94290,16350,38598,20611,4200,20908,53,0
96213,15418,6651,12023,14814,19205,74,1
25895,4252,24194,12950,11155,28834,60,0
39738,11363,30051,11704,14191,6509,52,1
50746,12650,32386,11343,9859,7693,32,1
69377,19314,14518,12867,14860,9454,65,1
68404,7090,21184,3745,4393,16455,28,0
74045,9960,38787,23475,7311,11708,91,1
117888,6004,26621,4866,9788,12942,85,1
59790,19713,15028,12956,3179,19964,64,0
25600,6640,17448,6818,10539,24346,69,0
114660,4341,39051,19606,4404,16652,68,1
113179,14855,35447,17093,7760,9968,42,1
60764,3338,23394,20176,1004,2462,28,1
94543,8895,39501,27273,10313,9460,37,1
65714,15254,35254,16493,11164,1015,61,1
76835,14344,23509,29038,11238,27298,58,0
93744,4750,19472,21447,10079,9275,46,1
76491,5421,8471,18908,11686,28677,35,0
38589,10119,35268,9224,7273,13269,49,0
63484,8319,13329,23582,4316,24368,89,0
102989,18896,39865,5025,14010,406,47,1
56212,14918,33272,19950,1217,7384,86,1
63525,16849,11397,20187,12176,22433,63,0
67202,7873,37373,29472,4934,22553,31,0
52635,7806,29570,21093,1158,24366,25,0
83208,11592,23284,7155,5557,11268,37,1
53828,15182,23994,14839,4508,17369,44,0
38711,19774,28284,1719,13216,11795,69,0
23420,15045,22833,15890,5494,4485,54,1
116752,7430,30122,23900,4734,8901,55,1
20301,11820,10017,21963,4264,2618,81,1
65236,7232,21370,18356,11681,29425,64,0
86235,14122,34252,21102,5137,22673,94,0
74240,18023,12999,24779,2604,9603,35,1
85726,11007,27436,21786,9947,6928,94,2
30492,12018,7096,21936,7301,5368,34,1
26102,4500,30279,19591,11174,4621,74,1
70336,9737,31201,5426,9075,26061,15,0
105314,6294,24715,24303,3107,27526,32,0
46641,7497,34309,13512,8885,14719,73,0
54584,3614,20078,28606,12499,29227,52,0
52745,12374,10105,16064,4219,11126,32,0
43093,5667,34312,29151,3081,7566,39,1
86105,16409,7839,14767,3065,12306,86,1
71885,19514,8384,12308,3263,21054,27,0
56631,5983,18493,12477,11490,24042,88,0
92991,15651,22069,26219,6828,15086,30,1
24014,11230,12531,13903,6491,17387,66,0
31093,9640,12736,25770,11031,27042,32,0
38070,14779,12710,29572,3906,23888,54,0
55777,18317,6619,9680,9423,18850,53,0
76958,10564,18975,3204,14951,26514,91,0
102074,18520,28252,28233,11564,18323,56,1
30729,16737,20261,22729,11812,18019,49,0
119713,12323,6431,20660,5280,9890,60,1
65017,18229,14067,2102,4677,8095,51,1
86320,14713,32037,6243,6976,22649,16,0
47751,11502,14557,7614,3104,12719,59,0
98069,3545,14435,17299,8681,10283,57,1
74748,7346,5162,26817,2882,18279,93,0
25801,12996,39742,9707,1031,14231,15,0
39190,18775,24675,14913,6579,22908,18,0
69689,16919,13461,22607,13008,28816,66,0
70993,6810,22015,25968,1134,27974,40,0
49592,10206,37591,1630,10461,14698,30,0
30647,12005,33047,12908,12496,17457,49,0
28716,19371,39782,27423,11062,5184,54,1
108891,15316,14833,11847,14662,2402,86,2
107545,11436,12896,10171,502,4895,58,1
109912,15984,37972,13721,14505,23715,29,0
90316,3271,35508,28978,8897,11404,26,1
22368,13616,10347,29447,6451,28613,37,0
97575,7361,35314,24067,12827,15161,50,1
26655,10069,7643,17661,14894,9343,75,0
90031,6430,23681,17616,11313,10637,34,1
96429,15676,20892,10744,13431,1956,67,1
111083,13816,22073,6690,6126,7023,50,1
107922,5050,35682,14401,8239,29134,15,0
75766,14692,37262,8659,6503,14062,84,1
33403,4165,36358,28846,3390,14333,47,0
52097,5033,19289,11601,11885,3907,15,1
98657,3145,12927,12704,11358,807,54,1
30966,17269,6171,1025,6739,24762,84,0
119157,10832,16918,16384,8526,14031,23,1
113848,17286,16929,14705,3806,4827,75,2
72921,5632,7539,24852,1397,29885,49,0
69726,7494,27669,23794,9777,13699,12,1
70300,18152,10432,9652,9971,4524,33,1
42677,12155,25644,21148,1170,15193,28,0
75609,13426,23745,23983,7791,25883,27,0
116825,13233,33228,29007,2005,16223,73,1
76661,4828,39521,14379,6960,18668,44,0
51024,15260,36703,22486,12267,5313,71,1
90313,12130,31928,8006,13506,13598,10,1
73006,7805,23322,20867,5667,13058,34,1
115285,3806,27360,19378,10647,17141,54,1
35338,11202,34055,9682,5755,28807,58,0
88027,4868,21376,2072,749,4887,25,1
112772,17561,11588,24091,6957,3854,28,1
100135,18512,30000,28749,2392,12458,32,1
39508,17899,11304,1215,3939,26782,92,0
23051,19220,12345,24989,10545,14536,34,0
68747,18934,34300,10915,3354,3558,25,1
107142,8429,29259,10784,10195,9772,63,1
107235,12076,30470,19990,12077,17345,82,1
74021,6564,28017,25734,12263,20231,10,0
86412,4389,20352,15824,4292,23110,51,0
78335,14593,38365,22165,12118,3575,28,1
76179,10274,24446,4313,5830,25451,43,0
52093,13745,7336,12033,8371,2418,89,2
89678,17199,14879,10968,8735,4198,64,1
100738,18876,37316,17241,4112,1001,27,1
59734,11245,38340,27628,3118,21628,43,0
92615,10214,12521,25147,5178,27960,54,0
93523,3726,11171,6939,3663,7119,15,1
114476,16832,28481,15696,9980,20450,30,1
37019,14362,23474,15794,3442,19229,79,0
103613,13106,26008,3295,8911,9673,57,1
111794,10657,6633,23069,2425,27877,48,0
106672,17551,17485,2696,3472,25233,40,0
93847,10906,8648,12185,12205,5316,19,1
102750,10287,18140,28045,11140,16244,39,1
99634,3892,22921,19330,12163,27356,27,0
48251,13222,19357,13001,11466,16806,69,0
45945,7675,8137,15350,1490,23099,82,0
110852,4933,5097,20167,11638,11873,24,1
52217,14873,16407,4644,2312,4266,13,1
28308,16239,35575,22625,13645,7549,72,0
25949,13874,17722,7420,9495,22700,49,0
71990,8016,17924,28076,989,19094,18,0
21150,16774,8750,24941,12248,25028,18,0
109480,12752,32733,12837,6376,10589,35,1
94740,18585,13535,20029,10185,24453,13,0
86617,10291,29487,23973,4145,26551,90,0
114841,3974,35651,7353,7581,1657,25,1
36896,7133,9666,11541,3391,18925,24,0
66175,17663,21994,2932,10397,6763,61,1
27805,6972,6727,12486,4016,19459,78,0
25237,8295,39622,2757,3840,3164,14,1
40056,16913,15800,6085,6910,27542,29,0
65543,12105,23708,6637,553,18437,88,0
76556,11228,17819,2116,3075,8479,27,1
23343,12903,14369,11759,12283,5737,11,0
33500,6020,14283,12691,1115,19601,22,0
73222,11987,35573,1492,13870,28430,13,0
49375,15880,18171,28882,6444,17831,51,0
29662,8233,35933,9811,7904,6009,83,0
36964,12516,10774,28808,1454,16991,70,0
79638,17559,11519,25272,11125,4552,17,1
93666,19701,15983,29399,2129,18148,76,1
105067,5396,35932,7474,11473,9417,72,2
87215,4591,35798,27956,7359,25811,18,0
89042,14303,23133,15385,9341,9221,20,1
33284,9183,19939,10738,11039,2671,51,1
92789,4312,5781,22342,13182,6519,22,1
104664,10314,32624,14979,3778,3962,45,1
113468,5139,11823,12755,5955,12734,22,1
81389,17688,23489,10797,11332,13122,21,1
29435,9924,34118,29328,4301,19561,46,0
74340,3362,39881,15607,3061,3722,83,2
64078,16481,21280,13867,11941,4906,82,2
98832,6738,27263,27466,7039,7263,61,1
71293,5469,18565,26851,870,13699,80,1
115981,19106,25354,20127,1357,21438,11,1
98781,19940,30643,8866,5386,26051,65,0
80403,12017,28648,16449,13445,11088,69,1
49124,5808,23658,11685,7985,808,32,1
115435,19370,26253,24544,14180,9170,49,1
63919,17870,31390,6451,883,16260,73,0
55247,15713,28128,22642,14897,27039,94,0
114758,10561,18489,9548,12569,17109,32,1
111747,5719,37658,8186,11244,10693,38,1
82752,14700,11852,7102,4834,27938,87,0
76573,6741,34450,26445,4790,7701,60,1
79101,12766,7551,26461,3225,17600,78,0
46646,6998,11411,27577,12726,20435,40,0
43049,19077,38243,26859,11985,18581,59,0
99605,3294,26800,1619,6704,14191,29,1
118116,13177,15403,1882,13940,19190,64,1
117379,12882,12239,26372,6611,25354,90,0
88385,4136,11710,4642,4751,17356,11,1
60158,5064,26384,29001,12680,27386,34,0
85417,10009,26038,2296,1422,22018,22,0
43289,15987,27447,15122,3415,13704,79,0
29823,7543,7285,25820,11642,23867,76,0
80160,4007,18521,3895,8457,2123,67,1
61975,8445,11971,23977,14397,25174,91,0
29540,13706,34139,18313,3546,11533,84,0
36364,17749,24909,6366,9666,16608,93,0
24611,14718,16531,9711,1730,14448,73,0
47663,12439,19721,20596,11127,14586,78,0
71991,16281,24206,19793,8147,25416,92,0
77679,4435,11530,9199,10506,1814,68,1
50977,3571,16116,11717,11626,13001,69,0
114704,5382,5258,4423,5433,17490,92,1
69115,8084,5282,11211,14795,16508,71,0
111007,19661,18937,13782,10055,19630,25,1
108223,16507,6898,24360,4440,13380,77,1
80890,10059,9135,24978,6983,15406,24,1
86387,15771,11629,22542,703,2931,64,1
38071,10491,24584,13474,660,13567,44,0
79275,17527,28551,4667,13179,14038,64,1
92369,17859,38380,29247,9460,12317,23,1
31938,11073,22071,28377,4248,2971,58,1
55195,12077,25074,23357,7218,2017,92,2
111680,14383,30188,23620,3081,23799,16,0
24000,19378,7307,9277,1593,2415,39,1
90588,5353,16205,28691,5000,29166,92,0
113610,7799,10906,13424,9299,19480,58,1
117856,14939,7591,19852,6210,1609,25,1
58304,5428,20149,23601,10232,717,60,1
89449,14296,30150,21003,3375,19945,81,0
102986,10813,36852,19020,3691,25592,91,0
109643,17414,6283,9155,2337,28141,89,0
40764,14801,38691,4583,1189,29277,92,0
106027,14745,6125,16515,4259,12662,51,1
58494,16025,6529,5009,11641,6782,26,1
23373,6356,31170,20710,14028,26536,72,0
32161,17288,13438,11410,2603,1048,54,1
117532,9540,25095,25532,865,25933,86,0
112658,19422,21154,19601,14510,11618,16,1
47350,6342,13004,5967,12267,8307,36,1
113008,12078,14752,19753,8592,26671,19,0
114297,5844,31819,21022,13242,7905,43,1
45351,13396,31515,11695,12891,9993,45,0
108668,16998,29217,10135,4672,10338,34,1
35305,16261,28172,6722,13017,5578,15,1
95353,6093,37994,28413,6533,13834,33,1
96797,14722,20036,28236,2878,18004,27,1
85953,14645,16739,16514,1705,6548,15,1
77458,18083,37220,12128,5488,7381,38,1
40358,3988,14587,5444,12531,21164,34,0
23267,9446,35129,8618,6169,27526,64,0
102745,19335,5645,21331,3235,20176,90,1
109588,19133,35930,19060,14862,2941,55,1
58513,4682,21299,2196,12039,5695,33,1
46092,8626,35090,13297,10367,6401,84,1
31338,10424,26953,3787,8990,15179,35,0
20412,15857,31475,24816,1456,14456,37,0
27543,15155,23888,27037,9806,13097,12,0
53496,14425,21087,8927,7123,25553,84,0
80692,4980,14346,20702,11197,6197,47,1
109084,18522,5587,26242,1974,27642,70,0
112920,11984,17763,24073,4960,5450,87,2
64425,18883,9079,3176,7502,25359,60,0
58756,8390,25215,21127,14486,24816,57,0
38888,4607,30817,9792,13138,22258,30,0
55735,9573,29765,28228,12418,17937,63,0
67295,8776,35112,21806,12163,29154,65,0
103042,6676,30556,21208,6896,17396,68,1
105999,6380,23099,29482,3328,8378,81,2
37955,11711,11450,10171,14692,1881,60,1
57841,11782,18230,3451,3350,6799,29,1
90640,16997,34009,1628,13799,14597,68,1
85510,9342,10433,10821,11198,29624,80,0
54911,9059,38866,8778,12462,13675,18,0
79031,11884,23710,4696,3464,4586,10,1
108726,8655,16439,29006,5094,25006,38,0
27357,15091,21021,21058,9641,8430,72,0
52479,18251,11416,21313,14782,22831,81,0
81476,3526,11980,20149,14834,2345,65,1
64811,6224,23058,21753,13295,16459,77,0
56208,18069,16101,13972,14115,9548,44,1
40150,14536,37602,9307,7144,5877,12,1
91180,16547,14122,5956,3350,6785,16,1
63286,4763,17576,11195,665,15833,36,0
88450,11712,32516,18076,12178,4922,10,1
41352,8797,27433,20546,11201,24474,89,0
75069,12208,6089,2105,1419,18714,80,0
34397,8109,14127,20392,8805,4686,53,1
61555,19500,15487,19545,4004,14407,50,0
66959,5433,5155,16417,1491,18286,84,0
20728,19967,6958,25729,6547,12205,51,0
70517,7167,15693,15188,4339,21054,42,0
86234,11357,33795,21083,1758,23527,59,0
59954,9154,26447,13602,8109,13179,72,0
67280,11920,30215,21170,12118,18443,46,0
99459,3213,14794,10256,9206,16524,68,1
36779,6762,38209,21584,14019,18173,90,0
83932,16399,27424,15212,5304,28202,57,0
92936,12768,11370,2913,11888,16,14,1
44466,13640,14528,26792,14973,13374,57,0
56939,9731,33276,22904,13126,28924,12,0
89896,8791,13179,11593,11276,16848,56,1
55270,18822,21843,2772,567,20855,71,0
79163,11783,28952,27536,10288,18211,23,0
102637,16621,38160,20164,6160,27604,72,0
71934,19019,34516,13996,4978,25095,70,0
84895,5720,15449,24807,8710,5956,40,1
52307,11905,26125,3871,11422,16473,26,0
74098,12127,12418,14234,4021,4815,33,1
80921,19385,27746,18044,14909,19235,32,0
25486,9368,7454,23626,1072,2843,91,1
28335,17056,22761,28211,7582,29301,59,0
106900,15236,20223,11521,8332,26460,87,0
109112,17451,11701,29530,5895,28747,88,0
117203,13433,7597,11642,2758,15972,88,1
31130,18525,5141,2132,11594,25501,79,0
107508,3089,7659,1699,6539,28310,36,0
80566,13361,25980,15534,1150,22927,24,0
86703,19369,14031,24854,6241,22285,59,0
47192,6041,20037,11230,13781,17353,45,0
21062,3105,11142,7297,7338,1094,17,1
104076,12078,17109,13839,3087,6124,88,2
109780,9090,27010,8812,8376,23731,12,0
41545,9082,13787,5557,3762,19579,71,0
41689,4925,13472,3179,1838,1404,56,1
31174,9917,28383,12030,5496,27940,86,0
108461,3552,9249,10065,12326,23324,70,0
29348,6911,39518,9275,6280,20674,41,0
43714,6389,23351,18806,3327,3982,22,1
58102,16629,9088,16089,14373,12515,10,0
94460,5430,20282,28251,14711,15790,43,1
109930,3458,24330,4180,14569,12205,71,1
26801,16395,26778,21700,5732,21939,88,0
92267,3207,29264,29551,2717,24338,87,0
68136,3899,10075,7696,4039,12748,91,1
43625,14653,15412,10583,8345,21097,80,0
102873,19405,33365,28794,14732,3092,40,1
92592,11601,12230,29783,9729,20543,73,0
97052,3894,16002,17998,14526,22692,34,0
64261,3514,18947,14869,4883,26650,47,0
21542,7109,18686,28547,12670,23862,23,0
41677,16258,34304,12757,3461,24860,17,0
66732,18313,18074,29152,3726,13971,63,0
70343,18349,9493,21954,14378,14616,11,0
59081,10179,39228,17654,7337,4933,90,2
82856,13326,19140,13258,14533,4926,87,2
113105,14787,36655,3468,7531,25763,65,0
108858,4560,11816,15208,9790,3969,93,2
39065,16612,16639,16042,11016,2965,94,2
103460,7780,34492,26966,9631,4319,70,1
108092,14894,16240,16639,4216,8975,31,1
74693,5356,37698,12546,3914,7108,44,1
46962,7790,31957,13327,1948,9141,25,1
48295,19690,37808,15270,1070,20323,59,0
33807,13181,10827,16523,3404,16428,52,0
62348,10057,37762,15300,13788,1810,26,1
46432,19082,13259,20991,13993,20950,89,0
103285,3661,19849,11775,3005,10273,67,1
111792,7644,21232,13265,1417,28074,11,0
77854,18711,29173,20459,10566,9021,13,1
60262,5920,10374,29482,13620,18293,94,0
57080,19002,26174,17673,7482,6364,48,1
21324,17025,28567,25504,7927,2581,15,1
111267,11946,14277,28056,6836,691,90,2
55909,15732,36600,7614,2178,28595,78,0
109339,9236,14885,4252,1115,931,78,2
39870,19309,5778,8415,13193,13128,29,0
54578,16518,34165,24155,10441,24294,73,0
92124,3352,6492,17662,12517,14226,25,1
46790,10005,35462,12116,7586,13861,60,0
45289,17036,18615,17964,12880,15475,46,0
75129,19542,12851,5958,11169,22766,82,0
113714,3956,21288,25829,5249,3406,78,2
114246,5071,12156,5276,4005,8339,51,1
35485,11595,7044,25381,12167,17416,66,0
64482,18140,12368,5776,5029,17695,75,0
106188,15803,24900,18208,1635,8579,18,1
24748,6453,35600,4832,12692,3121,73,1
106769,9675,30634,26275,9066,18257,31,1
29435,3955,14168,15901,7726,28164,43,0
23709,9295,25961,6445,5662,25491,64,0
50355,18921,28852,2380,706,26454,38,0
75771,18282,38110,29472,5375,23165,47,0
77799,7703,37174,10865,1819,15946,27,0
33116,9563,39215,28303,1641,3748,80,1
45470,15003,31955,23918,5127,277,74,2
62344,13817,11581,14926,7889,26553,10,0
62918,14171,11317,20540,3190,18243,13,0
72224,15582,31649,12580,7823,27612,13,0
59298,15201,28132,21691,3755,11563,91,1
100219,15473,21789,6634,8781,22313,36,0
81629,12461,19567,25959,5713,6792,52,1
86040,18596,19868,6810,4608,21097,68,0
119518,3529,29370,25917,3520,13918,41,1
119835,15765,35483,23318,2357,10374,42,1
48016,16910,17466,11179,9496,4675,37,1
43960,14561,33803,13251,9636,1170,64,1
53591,12131,23230,14131,3289,8681,69,1
102848,3525,22862,20493,14645,10717,79,1
87641,19385,36259,21466,4375,25758,71,0
56395,3374,38539,13707,8105,29055,89,0
42700,15197,26909,28374,10302,12450,43,0
54620,7648,35795,20624,8635,10680,65,1
40559,5365,13770,27564,11615,10068,22,0
113045,4646,16093,23412,6555,21692,65,1
113396,3013,5193,28990,4382,2462,27,1
81642,7599,39775,19233,11913,13650,63,1
96539,5278,22569,25881,7675,26206,86,0
41732,17296,16190,29189,13840,29876,52,0
111362,6155,37327,3749,13083,287,48,1
50354,11321,25389,14156,7629,22337,70,0
33843,6814,7261,24064,5521,20666,51,0
91726,16125,33369,26711,5235,18291,90,1
37640,6216,31512,17589,2887,1161,88,2
72528,5113,11716,24736,13415,16513,27,0
58413,13238,26259,21975,7082,22721,32,0
72638,16760,33933,4450,13955,2363,63,1
72736,15588,9378,8214,9633,24535,39,0
88866,6374,24835,21195,13617,5983,67,1
39087,9430,34033,12814,6366,16527,77,0
61430,14970,29000,29175,3066,8207,76,1
44504,3629,15332,28127,1475,23853,80,0
27114,19653,7800,6141,7712,14758,27,0
98859,13831,34538,29884,9646,244,16,1
119657,8724,35119,25885,1762,17310,49,1
30975,14083,13333,3708,5547,3178,79,1
31023,16149,10410,19375,9635,2176,74,2
41447,12472,22839,16088,10894,5002,77,1
110469,9276,35519,25847,13992,886,58,1
43959,18635,10808,12834,7882,24916,61,0
86203,8895,11796,13278,6731,26627,38,0
49703,16994,26180,11014,3827,19782,30,0
29337,13552,22709,4273,6130,13721,87,0
66427,19959,22543,15367,13884,12142,18,1
81529,9099,34075,5538,12966,24881,56,0
104665,12499,35502,13541,2759,25483,85,0
51921,6178,21724,9712,10520,2654,51,1
53307,9116,8828,10168,1757,11984,60,0
47355,18563,22087,21106,964,23776,65,0
24835,6568,17605,4551,14562,28618,60,0
40159,12847,36337,13297,3794,17755,79,0
67605,17135,10482,11965,7274,7135,29,1
58088,4742,32005,28128,7931,320,36,1
98752,3619,27760,3832,1730,4654,47,1
75284,4939,10463,29483,11346,28635,81,0
77043,19001,9912,23063,9576,21684,74,0
55547,3968,9648,23963,4305,23145,63,0
117007,17846,38623,14422,6919,23238,33,1
102844,3281,8112,1152,14120,21889,56,0
47532,18360,27054,23138,6250,16131,80,0
54349,9262,9492,12156,13732,25707,92,0
65445,4058,27207,12108,4356,10770,72,1
25713,13724,20114,3800,3635,6553,66,0
76178,8178,39285,6310,7453,20426,64,0
69407,9980,21018,10944,9616,11559,69,1
90340,12200,26386,3610,6534,9009,71,2
70990,4229,22740,13067,5089,13482,39,1
95672,11467,13210,2104,2046,7498,31,1
85545,5289,17743,11728,6565,6636,84,2
104791,4239,11588,24745,1594,7362,93,2
78141,8370,8311,21583,2911,16395,38,0
43793,19170,27432,21238,3117,16578,50,0
76570,3125,38755,8263,14613,2537,51,1
115084,15504,8321,29070,9454,19226,74,1
57892,18398,20812,2914,11015,15216,40,0
21015,9638,18146,24749,4645,18613,39,0
81813,9570,18654,20456,3275,3009,27,1
47712,6249,5726,26582,13693,24368,26,0
28415,12110,8760,1406,13351,29327,47,0
82292,10595,27190,14689,13570,14209,23,1
43833,16605,6875,1166,7128,15675,88,0
24158,15115,28377,1508,3655,15029,65,0
82680,9294,9033,19045,4470,2077,31,1
40309,8757,22373,4664,8472,13907,76,0
26970,15595,8744,20873,10732,24229,65,0
92474,4969,29995,14050,14619,3867,28,1
106704,13985,21977,1680,9275,16152,66,1
66540,7470,37402,19908,5915,29791,53,0
40384,13225,39542,19504,4831,4873,44,1
38017,12556,15651,22644,10795,8635,10,0
95880,12206,38703,5357,2442,297,61,1
28702,12991,18395,2363,13147,13095,94,0
20384,10519,34808,10523,6526,22240,79,0
20404,16669,21715,3292,8801,9036,46,0
60943,7612,29306,2538,691,1015,74,2
67926,15373,24086,4408,9595,1384,60,1
49189,18552,19376,25126,13904,25973,10,0
32763,17646,10889,9752,1361,8745,30,0
38384,8238,25584,26675,7211,18734,62,0
80100,18577,39610,19287,9775,29092,25,0
118142,18504,15058,1174,1149,17653,70,1
29860,6719,14101,27732,4634,1260,63,1
100642,3302,17497,3230,12303,7701,49,1
70612,15144,9658,5287,8087,24760,35,0
43574,13055,16381,21544,9328,20947,89,0
43524,7440,22154,13112,1536,23281,74,0
89172,6072,24539,8106,4631,26986,83,0
30916,16598,16777,10689,2648,29978,73,0
24809,17287,39396,13046,12557,22056,52,0
52201,16965,35373,20555,11849,29007,26,0
73330,12519,38154,18951,12279,10401,68,1
33456,16380,11031,2151,11986,15519,32,0
76397,14865,32997,8619,5957,21977,16,0
58765,11125,11439,7033,6579,11864,53,0
54816,6291,27785,9560,12953,15681,62,0
65106,7033,18392,5946,2930,22539,80,0
73932,8105,33669,25618,2379,5543,88,2
37100,11133,33939,2907,12658,23624,43,0
77091,19958,7282,4490,12405,21067,55,0
41949,8704,39624,19919,12818,18265,77,0
90080,10848,29364,5173,8042,12488,87,1
57744,15975,6998,12065,12798,25097,87,0
65543,9924,36705,27400,2511,10079,25,1
112193,3488,14428,18677,3873,10744,80,2
56187,10114,17336,5769,10835,3809,28,1
27239,18740,14342,5796,7857,22191,11,0
34489,6173,12446,14046,11192,21267,19,0
78017,4667,12461,15211,13273,7206,59,1
81877,7114,39587,24255,1789,20539,90,0
63125,6553,15516,28962,1947,21057,21,0
69922,10761,18749,20356,3699,28992,79,0
114074,4000,22514,21306,6881,13746,31,1
52049,18638,29950,5997,10635,15995,41,0
57131,8450,39888,24416,8022,16035,93,0
62944,6712,15213,18376,6559,11671,10,1
93963,4367,33011,9112,3683,13210,63,1
44285,11189,39591,6287,14639,17793,67,0
57626,12013,22858,11578,14257,26270,79,0
62808,19838,23626,19624,5962,29240,92,0
108464,6726,18467,18860,3716,5197,27,1
73871,7806,8134,7426,3636,15553,15,0
39198,5190,21743,12599,3818,7452,54,1
39758,12108,20434,1389,3282,8718,32,0
35254,15178,15233,1999,9682,14859,32,0
64238,5875,6141,13812,8157,27236,35,0
21252,8592,23019,16599,5420,2172,86,1
59764,15592,25384,2855,14250,13158,16,0
97709,11927,27967,9125,10845,16663,88,1
57441,17437,16172,14794,6824,27540,53,0
112234,14530,21390,26234,6827,20361,36,1
73682,10010,8267,3763,8917,19053,35,0
79494,14207,31167,21047,1276,11085,88,1
101317,5989,26312,5986,11529,24209,45,0
85215,15040,32840,2481,5708,26327,64,0
98587,12218,23990,24640,1187,3981,73,2
26949,9471,10906,4731,1029,21153,66,0
75393,5863,22297,24646,12134,5247,78,2
93553,13693,7011,17835,5567,10553,70,1
26941,4177,16738,28051,13723,20811,11,0
45934,7760,33797,28798,8580,29845,64,0
43386,3011,16120,27113,6018,6135,89,1
81886,19353,13767,20477,2653,5573,47,1
95745,14556,27852,18266,9986,20515,89,0
103251,14563,18703,21792,6594,26284,87,0
114456,17051,5929,21452,7474,13731,38,1
73413,14022,16951,11758,10218,7189,35,1
76800,11234,31039,20661,5274,14541,44,1
117239,19173,34504,17311,8192,10878,88,2
62318,16178,22438,9566,11588,11087,76,1
90173,9570,10744,12889,3603,13667,38,1
90390,3406,23284,25335,2940,20919,43,0
72329,12206,12069,12254,4635,2776,50,1
63088,7431,24799,22074,12494,9311,50,1
59811,9542,38210,12442,7624,27564,32,0
75479,11906,33226,14521,5701,28835,80,0
105392,7146,9652,21979,1344,28819,12,0
107369,15046,29323,5559,14531,7697,67,1
39963,15611,12597,17199,946,14629,41,0
75123,16076,11591,8291,4415,8386,40,1
112705,19524,30833,9160,3609,17046,91,1
93477,7882,16826,1112,1734,25055,52,0
34388,17113,31417,22515,7087,8044,16,0
25569,16645,23693,20581,14138,20602,10,0
89836,9012,19138,16924,726,9615,70,1
56586,10151,7169,27954,4643,15034,23,0
32015,6610,23556,27500,7685,5060,61,1
65002,12884,27052,17523,11651,10900,15,1
26254,9894,11313,2424,6058,27751,19,0
37144,16467,13315,20333,10522,22258,80,0
44214,19489,13036,20552,12471,5581,39,1
100719,12873,36778,26092,686,28390,30,0
91774,15289,32734,11808,11569,2014,69,1
26090,15208,28173,7043,3035,20173,90,0
31637,13828,35403,7989,2432,12997,83,0
42415,5137,5785,24620,11616,10635,72,0
44071,4286,11139,7261,9540,25487,51,0
78243,18710,11344,1887,2532,13648,60,1
61240,14371,23800,20488,1752,7148,73,1
103807,18945,30372,17433,6009,24150,85,0
53434,10052,25538,21335,5574,27789,65,0
89724,6654,19973,20944,14400,18748,89,0
95697,18600,10619,17402,13804,14022,50,1
48732,11636,39704,22205,2381,20013,41,0
31314,9441,32716,23724,769,5919,24,1
43954,12667,8236,25442,2130,15886,71,0
77108,15149,20848,27049,4905,22059,36,0
107044,4798,7352,13253,11895,28048,37,0
107505,12600,6932,19990,6639,25256,90,0
56668,8495,15913,8846,2074,6638,73,1
43061,12900,13556,26027,13883,4651,68,1
99252,16673,26300,7432,11584,609,67,1
59749,14130,10498,14452,2195,7940,11,1
36907,18222,15582,14395,3758,10348,45,0
38777,4300,14569,4765,3762,3866,80,2
113229,12435,9857,19822,1945,16755,22,1
71745,7616,5340,16950,6763,23382,24,0
111865,19393,21766,13502,8911,16999,69,1
101818,13617,31132,10741,552,23295,31,0
43624,8752,13491,23742,10449,22394,72,0
43321,12852,5138,29050,6070,2253,84,2
30488,9295,5358,25703,8079,4942,83,1
42574,6225,14714,6941,2166,12330,34,0
25240,4316,24840,25028,14048,864,57,1
63221,15337,39395,5855,7401,1268,52,1
30478,9807,35654,23931,3285,7454,47,0
75645,6683,30879,24580,1219,13666,50,1
39262,10227,20996,23295,9097,25360,54,0
72796,6273,31762,23865,7355,20955,49,0
24432,3145,18283,16166,2794,12370,26,0
115257,8010,24554,20145,8763,5229,66,1
84291,19035,25219,21840,14641,16309,11,1
99104,6040,39919,26991,10745,18621,71,1
79399,12654,14429,23745,9921,4054,18,1
99714,19866,24218,23077,10259,29471,77,0
70428,17996,17452,6788,12374,935,90,2
107731,19336,23951,1201,11645,12172,26,1
20302,11853,6307,23544,4982,22778,59,0
102558,14695,19852,11561,14579,24275,49,0
20055,5852,30232,17901,1198,10530,67,0
28717,19014,31485,8737,7743,15560,84,0
48699,3987,15238,26917,13988,16156,94,0
93686,10622,6140,2988,9518,16709,30,1
87661,12160,29842,16441,6418,9726,27,1
64247,9652,31421,12737,848,28056,64,0
36748,10421,6708,15256,5874,7774,38,0
24621,3769,8630,21186,12600,20245,33,0
35034,17114,24595,23192,8369,1985,83,2
25126,7358,15485,28851,807,14252,26,0
25122,14543,33308,29230,3916,21316,27,0
38030,8699,31086,8162,13938,4603,51,1
102838,4125,21859,28010,14748,19162,93,1
104717,13793,12684,14065,11026,15960,54,1
75658,9764,30552,23625,13553,9462,91,1
58638,15323,6207,15114,5320,25216,26,0
87067,16031,6960,9399,11501,14166,82,1
108869,17052,5557,6633,14407,29279,23,0
54674,15640,34689,6755,4058,7754,58,1
55854,10843,18893,11825,4978,14246,38,0
66271,17210,37272,23693,12169,4078,13,1
93688,19456,5882,5117,7031,12853,91,1
58518,13106,34535,25729,5120,17751,29,0
30267,8189,17869,28942,11378,4042,56,1
110825,5472,12166,29890,3485,16284,18,1
21062,9704,17982,2518,8612,14389,86,0
70448,6713,12269,23547,8967,2575,88,2
115462,8051,33064,17346,3047,6754,36,1
26229,13756,18527,3600,11456,28179,24,0
76793,5475,7454,14237,836,17965,28,0
67915,6610,25878,19579,10665,1986,61,1
24632,7255,17991,4554,3479,18624,35,0
23596,17484,7808,27990,13268,20350,35,0
26168,4735,35386,17193,4468,26681,35,0
27561,11258,8802,20233,1410,23988,55,0
93794,10979,33753,16253,2496,15470,58,1
102152,5428,26083,17194,3629,24704,91,0
46734,15345,23354,2742,5947,5968,62,1
26371,10426,27190,2306,6629,29377,12,0
46069,11533,11142,4849,6350,28572,75,0
99905,8249,33398,13360,4704,25427,51,0
32910,12686,38132,13768,7946,7493,28,0
93479,17109,24503,24903,12449,4103,26,1
97735,3661,39631,14032,9019,2076,42,1
101264,15075,21499,5195,10491,21615,85,0
43275,17788,13016,22562,814,2994,58,1
92274,13060,7384,19939,12237,3744,65,1
101449,18836,20072,19689,1634,14466,72,1
80004,13526,19482,8619,11438,14523,12,1
82981,6374,26826,10280,5376,27332,58,0
104659,3207,7490,3642,8602,5594,64,1
74553,5665,30518,10369,10212,7531,35,1
